-- 의사 릴레이션 데이터
INSERT INTO DOCTOR (DOCTORID, MS, DOCNAME, GENDER, TEL, EMAIL, POSITION) VALUES
	('d12345', '내과', '박지영', '여성', '010-1234-5678', 'parkjiyoung@example.com', '원장'),
	('d67890', '정형외과', '김성민', '남성', '010-9876-5432', 'kimseongmin@example.com', '전문의'),
	('d24680', '소아과', '이지원', '여성', '010-5555-7777', 'leejiwon@example.com', '전문의'),
	('d13579', '피부과', '최민호', '남성', '010-2222-8888', 'choiminho@example.com', '수련의');

-- 간호사 릴레이션 데이터
INSERT INTO NURSE (NURSEID, MS, NURNAME, GENDER, TEL, EMAIL, POSITION) VALUES
	('n001', '내과', '박지혜', '여성', '010-1111-2222', 'parkjihye@example.com', '수간호사'),
	('n002', '내과', '김형수', '남성', '010-3333-4444', 'kimyoungsoo@example.com', '간호사'),
	('n003', '정형외과', '이은지', '여성', '010-5555-6666', 'leeunji@example.com', '간호사'),
	('n004', '정형외과', '최민주', '여성', '010-7777-8888', 'choiminja@example.com', '간호사'),
	('n005', '소아과', '홍성민', '남성', '010-9999-0000', 'hongseongmin@example.com', '간호사'),
	('n006', '소아과', '장미경', '여성', '010-2222-3333', 'jangmikyeong@example.com', '간호사'),
	('n007', '피부과', '정태희', '여성', '010-4444-5555', 'jungtaehui@example.com', '간호사'),
	('n008', '피부과', '백승현', '남성', '010-6666-7777', 'baekseunghyun@example.com', '간호사');

-- 환자 릴레이션 데이터
INSERT INTO PATIENT (PATIENTID, DOCTORID, NURSEID, PATIENTNAME, RRN, GENDER, ADDRESS, TEL, EMAIL, JOB) VALUES
	('p001', 'd12345', 'n001', '김이화', '000310-4194878', '여성 ', '경기도 수원시 영통구 매탄동 101번지', '010-9090-7927', 'smithjohn@example.com', '회사원'),
	('p002', 'd12345', 'n002', '이민재', '871023-1020076', '남성', '경상남도 창원시 의창구 명서동 202번지', '010-9876-5432', 'jenniferlee@example.com', '개발자'),
	('p003', 'd12345', 'n001', '김지우', '011231-4870412', '여성', '서울특별시 송파구 가락동 303번지', '010-2468-1357', 'davidwilson@example.com', '경찰관'),
	('p004', 'd12345', 'n002', '박예린', '780321-2005256', '여성', '대전광역시 유성구 봉명동 404번지', '010-8642-9713', 'emilythompson@example.com', '소방관'),
	('p005', 'd12345', 'n001', '최도희', '031201-4957415', '여성', '경기도 용인시 기흥구 상갈동 505번지', '010-3197-5824', 'michaelbrown@example.com', '선생님'),
	('p006', 'd12345', 'n002', '정승환', '010302-3005820', '남성', '부산광역시 해운대구 우동 606번지', '010-7521-4968', 'sarahmartinez@example.com', '변호사'),
	('p007', 'd12345', 'n001', '송현미', '770503-2009761', '여성', '서울특별시 종로구 사직동 707번지', '010-3856-7129', 'robertdavis@example.com', '회계사'),
	('p008', 'd12345', 'n002', '윤재호', '730905-1020449', '남성', '대구광역시 달서구 신당동 808번지', '010-9172-6048', 'jessicawilson@example.com', '경영자'),
	('p009', 'd12345', 'n001', '임소희', '720808-2016804', '여성', '경기도 고양시 일산동구 장항동 909번지', '010-6039-8457', 'williamthomas@example.com', '디자이너'),
	('p010', 'd12345', 'n002', '한민지', '500412-2018961', '여성', '인천광역시 남동구 구월동 1010번지', '010-4287-5163', 'laurajohnson@example.com', '개발자'),
	('p011', 'd12345', 'n001', '황승훈', '651013-1036107', '남성', '경상북도 포항시 남구 대잠동 1111번지', '010-2751-9346', 'christopherjones@example.com', '건축가'),
	('p012', 'd12345', 'n002', '이승호', '011130-3755027', '남성', '경기도 성남시 수정구 신흥동 1212번지', '010-8163-4597', 'amandasmith@example.com', '음악가'),
	('p013', 'd12345', 'n001', '김지영', '991205-1088504', '남성', '서울특별시 관악구 봉천동 1313번지', '010-5491-8376', 'matthewrodriguez@example.com', '작가'),
	('p014', 'd12345', 'n002', '박민수', '981008-1090950', '남성', '경기도 성남시 중원구 성남동 1414번지', '010-9267-4138', 'sophiawalker@example.com', '배우'),
	('p015', 'd12345', 'n001', '최지원', '630628-1096169', '남성', '인천광역시 서구 원창동 1515번지', '010-3749-6851', 'jasonlee@example.com', '요리사'),
	('p016', 'd12345', 'n002', '강현우', '720325-1194487', '남성', '대전광역시 유성구 온천동 1616번지', '010-5683-2971', 'alexandermartin@example.com', '정치인'),
	('p017', 'd12345', 'n001', '이승민', '750824-1236528', '남성', '경기도 용인시 수지구 죽전동 1717번지', '010-3179-6852', 'olivialopez@example.com', '운전사'),
	('p018', 'd12345', 'n002', '김지원', '360524-2057605', '여성', '경상남도 창원시 성산구 원이동 1818번지', '010-7642-1839', 'ethanwhite@example.com', '경마 기수'),
	('p019', 'd12345', 'n001', '박민지', '430421-2088370', '여성', '대구광역시 동구 신암동 1919번지', '010-5286-9174', 'emmawilson@example.com', '승무원'),
	('p020', 'd12345', 'n002', '최현우', '170606-1239466', '남성', '서울특별시 강서구 화곡동 2020번지', '010-3917-6254', 'benjamincarter@example.com', '군인'),
	('p021', 'd12345', 'n001', '강승현', '371013-2090850', '여성', '경기도 부천시 원미구 상동 2121번지', '010-8561-3297', 'miajackson@example.com', '기자'),
	('p022', 'd12345', 'n002', '이민서', '471218-2112138', '여성', '인천광역시 계양구 계산동 2222번지', '010-2918-7345', 'andrewrobinson@example.com', '판매원'),
	('p023', 'd12345', 'n001', '김혜진', '270719-2115214', '여성', '경기도 고양시 덕양구 행신동 2323번지', '010-6735-2198', 'gracehernandez@example.com', '건강관리사'),
	('p024', 'd12345', 'n002', '박승호', '840525-1240570', '남성', '경상북도 경주시 신안동 2424번지', '010-9517-8234', 'lucasadams@example.com', '화가'),
	('p025', 'd12345', 'n001', '최혜진', '490904-2129550', '여성', '부산광역시 사하구 다대동 2525번지', '010-7249-3156', 'nataliewright@example.com', '사진작가'),
	('p026', 'd67890', 'n003', '강지원', '061030-3406066', '남성', '서울특별시 서초구 방배동 2626번지', '010-3184-9276', 'loganhill@example.com', '철도 기사'),
	('p027', 'd67890', 'n004', '이민주', '681212-2131634', '여성', '대구광역시 수성구 수성동 2727번지', '010-6749-8215', 'isabellagreen@example.com', '자동차 정비사'),
	('p028', 'd67890', 'n003', '김승민', '731115-1268272', '남성', '경기도 성남시 분당구 서현동 2828번지', '010-4175-9632', 'gabrielroberts@example.com', '요가 강사'),
	('p029', 'd67890', 'n004', '박지민', '840402-1325685', '남성', '인천광역시 남동구 논현동 2929번지', '010-8369-1572', 'averylee@example.com', '장의사'),
	('p030', 'd67890', 'n003', '최혜영', '940605-2147358', '여성', '경상북도 구미시 원평동 3030번지', '010-5923-8741', 'samuelphillips@example.com', '자원봉사자'),
	('p031', 'd67890', 'n004', '강승주', '920806-1331967', '남성', '경기도 광명시 철산동 3131번지', '010-8271-5346', 'madisonscott@example.com', '공무원'),
	('p032', 'd67890', 'n003', '이민지', '900914-2155379', '여성', '서울특별시 마포구 상암동 3232번지', '010-4637-5289', 'jaydenmiller@example.com', '심리상담사'),
	('p033', 'd67890', 'n004', '김승호', '360712-1333768', '남성', '대전광역시 서구 도안동 3333번지', '010-9573-2146', 'abigailturner@example.com', '여행사'),
	('p034', 'd67890', 'n003', '박지호', '460419-1369487', '남성', '경기도 안양시 동안구 호계동 3434번지', '010-6847-3125', 'danielmurphy@example.com', '헤어스타일리스트'),
	('p035', 'd67890', 'n004', '최혜린', '860513-2221215', '여성', '인천광역시 중구 신흥동 3535번지', '010-3265-8147', 'victorialong@example.com', '피부관리사'),
	('p036', 'd67890', 'n003', '강혜진', '390625-2307800', '여성', '경상남도 진주시 남강동 3636번지', '010-9682-3471', 'jacksonyoung@example.com', '세무사'),
	('p037', 'd67890', 'n004', '이승주', '580328-2315865', '여성', '부산광역시 중구 부평동 3737번지', '010-5137-8294', 'selenaross@example.com', '국제구호 봉사자'),
	('p038', 'd67890', 'n003', '김민서', '930724-2318538', '여성', '서울특별시 성북구 동선동 3838번지', '010-7592-4318', 'zacharyedwards@example.com', '교육상담사'),
	('p039', 'd67890', 'n004', '박승민', '681013-1436474', '남성', '경기도 수원시 권선구 평동 3939번지', '010-2845-7169', 'chloehughes@example.com', '음악 감독'),
	('p040', 'd67890', 'n003', '최지호', '950115-1478672', '남성', '경상북도 안동시 풍천면 4040번지', '010-6379-2158', 'gabriellemitchell@example.com', '방송인'),
	('p041', 'd67890', 'n004', '강현서', '390305-2347234', '여성', '대구광역시 달성군 다사읍 4141번지', '010-8245-3967', 'hudsonking@example.com', '국제변호사'),
	('p042', 'd67890', 'n003', '이혜진', '950804-2361371', '여성', '경기도 부천시 오정구 심곡동 4242번지', '010-1496-7283', 'elizabethstewart@example.com', '장식가'),
	('p043', 'd67890', 'n004', '김지민', '970607-1507738', '남성', '인천광역시 연수구 연수동 4343번지', '010-5679-4213', 'leosebastian@example.com', '회사원'),
	('p044', 'd67890', 'n003', '박혜진', '081004-4954540', '여성', '경기도 평택시 안중읍 4444번지', '010-9124-6735', 'haileyrobertson@example.com', '선생님'),
	('p045', 'd67890', 'n004', '최승민', '970208-1583603', '남성', '경상남도 김해시 외동 4545번지', '010-3786-5192', 'josiahmorgan@example.com', '개발자'),
	('p046', 'd67890', 'n003', '강지혜', '980906-2367049', '여성', '부산광역시 기장군 정관읍 4646번지', '010-5819-2763', 'victoriabell@example.com', '경찰관'),
	('p047', 'd67890', 'n004', '이혜영', '081003-4052285', '여성', '서울특별시 강동구 천호동 4747번지', '010-9375-6241', 'noahward@example.com', '소방관'),
	('p048', 'd67890', 'n003', '김민지', '011102-4906893', '여성', '대전광역시 대덕구 오정동 4848번지', '010-4629-8715', 'sylviamorris@example.com', '개발자'),
	('p049', 'd67890', 'n004', '박혜영', '020205-4793851', '여성', '경기도 안산시 단원구 초지동 4949번지', '010-7165-9384', 'jacksoncooper@example.com', '디자이너'),
	('p050', 'd67890', 'n003', '최혜지', '090804-4781187', '여성', '인천광역시 동구 송림동 5050번지', '010-2587-6319', 'laylajames@example.com', '음악가'),
	('p051', 'd24680', 'n005', '강승호', '590502-1629697', '남성', '경상북도 김천시 중앙동 5151번지', '010-6931-7428', 'christophertaylor@example.com', '작가'),
	('p052', 'd24680', 'n006', '이지호', '030412-3015429', '남성', '대구광역시 북구 침산동 5252번지', '010-4273-9861', 'aurorajenkins@example.com', '배우'),
	('p053', 'd24680', 'n005', '김혜영', '020113-4767371', '여성', '경기도 고양시 일산서구 일산동 5353번지', '010-8716-5342', 'evananderson@example.com', '요리사'),
	('p054', 'd24680', 'n006', '박혜지', '021015-4433644', '여성', '경상남도 양산시 물금읍 5454번지', '010-3162-7894', 'emmarivera@example.com', '경영자'),
	('p055', 'd24680', 'n005', '최승호', '101219-3049817', '남성', '부산광역시 강서구 명지동 5555번지', '010-6947-2815', 'zacharygonzalez@example.com', '변호사'),
	('p056', 'd24680', 'n006', '강혜서', '951215-4928102', '여성', '서울특별시 송파구 문정동 5656번지', '010-4381-5297', 'evelynbailey@example.com', '군인'),
	('p057', 'd24680', 'n005', '이승혜', '620617-1680338', '남성', '경기도 성남시 중원구 여수동 5757번지', '010-9785-4216', 'gabrielharris@example.com', '건축가'),
	('p058', 'd24680', 'n006', '김민호', '940118-1680726', '남성', '경상북도 포항시 북구 흥해읍 5858번지', '010-6473-9128', 'annabellnelson@example.com', '정치인'),
	('p059', 'd24680', 'n005', '박승지', '870214-1713546', '남성', '대구광역시 동구 신천동 5959번지', '010-9237-5681', 'jonathanbaker@example.com', '운전사'),
	('p060', 'd24680', 'n006', '최지영', '610313-2417347', '여성', '경기도 고양시 덕양구 성사동 6060번지', '010-3751-9264', 'nataliebutler@example.com', '판매원'),
	('p061', 'd24680', 'n005', '강승지', '970915-2422573', '여성', '인천광역시 계양구 귤현동 6161번지', '010-5827-6193', 'adrianchavez@example.com', '기자'),
	('p062', 'd24680', 'n006', '이혜선', '350818-2423526', '여성', '경기도 성남시 수정구 태평동 6262번지', '010-9168-2735', 'brookelynncollins@example.com', '사진작가'),
	('p063', 'd24680', 'n005', '김혜선', '940714-1721622', '남성', '경상남도 창원시 성산구 중앙동 6363번지', '010-7246-3158', 'braydenperez@example.com', '철도 기사'),
	('p064', 'd24680', 'n006', '박승혜', '781018-1725342', '남성', '부산광역시 사상구 괘법동 6464번지', '010-3198-7526', 'taylorrogers@example.com', '화가'),
	('p065', 'd24680', 'n005', '최승지', '950414-2452722', '여성', '서울특별시 강남구 논현동 6565번지', '010-5671-8923', 'averymorgan@example.com', '요가 강사'),
	('p066', 'd24680', 'n006', '강민호', '620612-1773108', '남성', '대전광역시 유성구 구성동 6666번지', '010-9328-1754', 'rileymorris@example.com', '피부관리사'),
	('p067', 'd24680', 'n005', '이승지', '970325-2499928', '여성', '경기도 용인시 처인구 백암면 6767번지', '010-6741-2593', 'autumngonzalez@example.com', '세무사'),
	('p068', 'd24680', 'n006', '김지혜', '650724-2563658', '여성', '경상북도 구미시 원평동 6868번지', '010-4139-8562', 'josetorres@example.com', '자동차 정비사'),
	('p069', 'd24680', 'n005', '박지선', '841028-1813595', '남성', '경기도 광명시 철산동 6969번지', '010-8596-2731', 'elijahowens@example.com', '공무원'),
	('p070', 'd24680', 'n006', '최혜선', '971227-1814034', '남성', '서울특별시 마포구 상암동 7070번지', '010-3925-6178', 'kendallramirez@example.com', '심리상담사'),
	('p071', 'd24680', 'n005', '강지영', '911125-2623961', '여성', '대전광역시 서구 도안동 7171번지', '010-7263-9184', 'jordanhughes@example.com', '자원봉사자'),
	('p072', 'd24680', 'n006', '이승영', '921224-1950773', '남성', '경기도 안양시 동안구 호계동 7272번지', '010-3189-5724', 'makaylapowell@example.com', '여행사'),
	('p073', 'd24680', 'n005', '김혜예', '980127-2633536', '여성', '인천광역시 중구 신흥동 7373번지', '010-6782-9143', 'elijahwalker@example.com', '국제구호 봉사자'),
	('p074', 'd24680', 'n006', '박혜예', '940324-2674440', '여성', '경상남도 진주시 남강동 7474번지', '010-4156-8273', 'annabellethomas@example.com', '음악 감독'),
	('p075', 'd24680', 'n005', '최승영', '790818-1950693', '남성', '부산광역시 중구 부평동 7575번지', '010-8317-6942', 'jonathanrodriguez@example.com', '방송인'),
	('p076', 'd13579', 'n007', '강혜영', '080930-4921730', '여성', '서울특별시 성북구 동선동 7676번지', '010-5962-4813', 'zoeycox@example.com', '국제변호사'),
	('p077', 'd13579', 'n008', '이민영', '061021-4526172', '여성', '경기도 수원시 권선구 평동 7777번지', '010-8276-3915', 'jacobwilliams@example.com', '장식가'),
	('p078', 'd13579', 'n007', '김민영', '040528-3277781', '남성', '경상북도 안동시 풍천면 7878번지', '010-4639-5718', 'haileymorgan@example.com', '사무원'),
	('p079', 'd13579', 'n008', '박승영', '680616-1021047', '남성', '대구광역시 달성군 다사읍 7979번지', '010-9547-2168', 'alexanderhernandez@example.com', '회사원'),
	('p080', 'd13579', 'n007', '최지혜', '950921-2675859', '여성', '경기도 부천시 오정구 심곡동 8080번지', '010-6821-7349', 'mackenziejames@example.com', '경찰관'),
	('p081', 'd13579', 'n008', '강승혜', '741025-2681885', '여성', '인천광역시 연수구 연수동 8181번지', '010-3259-4178', 'braydenrodriguez@example.com', '개발자'),
	('p082', 'd13579', 'n007', '이혜민', '851224-2693801', '여성', '경기도 평택시 안중읍 8282번지', '010-9617-5243', 'rachelcarter@example.com', '선생님'),
	('p083', 'd13579', 'n008', '김혜민', '891017-1025475', '남성', '경상남도 김해시 외동 8383번지', '010-7423-6198', 'johndoe123@example.com', '소방관'),
	('p084', 'd13579', 'n007', '박지혜', '970425-2873910', '여성', '84. 부산광역시 기장군 정관읍 8484번지', '010-3196-7582', 'emilysmith456@example.com', '디자이너'),
	('p085', 'd13579', 'n008', '최혜현', '780103-2888529', '여성', '서울특별시 강동구 천호동 8585번지', '010-5782-9361', 'davidwilson789@example.com', '회계사'),
	('p086', 'd13579', 'n007', '강민영', '890513-1052869', '남성', '대전광역시 대덕구 오정동 8686번지', '010-9165-4327', 'sarahjones101@example.com', '작가'),
	('p087', 'd13579', 'n008', '이승현', '930624-1080429', '남성', '경기도 안산시 단원구 초지동 8787번지', '010-3648-9271', 'michaelbrown246@example.com', '배우'),
	('p088', 'd13579', 'n007', '김지현', '900331-1978642', '남성', '인천광역시 동구 송림동 8888번지', '010-5827-9164', 'lisawilliams777@example.com', '경영자'),
	('p089', 'd13579', 'n008', '박혜현', '940223-2891852', '여성', '경상북도 김천시 중앙동 8989번지', '010-7491-5386', 'robertdavis999@example.com', '요리사'),
	('p090', 'd13579', 'n007', '최승현', '900130-1346792', '남성', '대구광역시 북구 침산동 9090번지', '010-3154-6897', 'jessicawilson222@example.com', '정치인'),
	('p091', 'd13579', 'n008', '강혜현', '960206-2914125', '여성', '경기도 고양시 일산서구 일산동 9191번지', '010-9781-6235', 'williamthomas444@example.com', '건축가'),
	('p092', 'd13579', 'n007', '이민현', '820207-1976482', '남성', '경상남도 양산시 물금읍 9292번지', '010-6243-8971', 'laurajohnson555@example.com', '사진작가'),
	('p093', 'd13579', 'n008', '김민현', '740402-1846752', '남성', '부산광역시 강서구 명지동 9393번지', '010-3198-4765', 'christopherjones888@example.com', '피부관리사'),
	('p094', 'd13579', 'n007', '박승현', '850112-1364927', '남성', '서울특별시 송파구 문정동 9494번지', '010-5689-2317', 'amandasmith333@example.com', '자동차 정비사'),
	('p095', 'd13579', 'n008', '최지현', '961030-1845241', '남성', '경기도 성남시 중원구 여수동 9595번지', '010-9317-8465', 'matthewrodriguez111@example.com', '배우'),
	('p096', 'd13579', 'n007', '강승현', '841123-1543782', '남성', '경상북도 포항시 북구 흥해읍 9696번지', '010-6479-3128', 'sophiawalker777@example.com', '건축가'),
	('p097', 'd13579', 'n008', '이혜현', '750415-1142451', '남성', '대구광역시 동구 신천동 9797번지', '010-9184-5273', 'jasonlee999@example.com', '미술가'),
	('p098', 'd13579', 'n007', '김혜현', '890225-2921625', '여성', '경기도 고양시 덕양구 성사동 9898번지', '010-3291-7564', 'alexandermartin222@example.com', '소방관'),
	('p099', 'd13579', 'n008', '박지현', '680620-2942075', '여성', '인천광역시 계양구 귤현동 9999번지', '010-7653-4291', 'olivialopez555@example.com', '디자이너'),
	('p100', 'd13579', 'n007', '곽지우', '470113-1754862', '남성', '경기도 성남시 수정구 태평동 1010번지', '010-2497-6813', 'ethanwhite444@example.com', '회계사');

-- 진료 릴레이션 데이터
INSERT INTO DIAGNOSIS (DIAID, DOCTORID, PATIENTID, CONTENT, DIADATE) VALUES
	('050801', 'd12345', 'p001', '고열', '2023. 5. 8'),
	('050802', 'd13579', 'p002', '여드름', '2023. 5. 8'),
	('050803', 'd12345', 'p003', '소화불량', '2023. 5. 8'),
	('050804', 'd13579', 'p004', '여드름', '2023. 5. 8'),
	('050805', 'd12345', 'p005', '복통, 변비', '2023. 5. 8'),
	('050806', 'd12345', 'p006', '호흡곤란', '2023. 5. 8'),
	('050807', 'd13579', 'p007', '피부건조', '2023. 5. 8'),
	('050808', 'd13579', 'p008', '피부건조', '2023. 5. 8'),
	('050809', 'd13579', 'p009', '피부염증', '2023. 5. 8'),
	('050810', 'd12345', 'p010', '만성피로', '2023. 5. 8'),
	('050901', 'd24680', 'p011', '발열, 기침', '2023. 5. 9'),
	('050902', 'd12345', 'p012', '고열', '2023. 5. 9'),
	('050903', 'd24680', 'p013', '기침, 가래', '2023. 5. 9'),
	('050904', 'd12345', 'p014', '만성피로', '2023. 5. 9'),
	('050905', 'd12345', 'p015', '호흡곤란', '2023. 5. 9'),
	('050906', 'd24680', 'p016', '코막힘', '2023. 5. 9'),
	('050907', 'd24680', 'p017', '복통', '2023. 5. 9'),
	('050908', 'd12345', 'p018', '호흡곤란', '2023. 5. 9'),
	('050909', 'd12345', 'p019', '소화불량', '2023. 5. 9'),
	('050910', 'd24680', 'p020', '기침, 가래', '2023. 5. 9'),
	('051001', 'd67890', 'p021', '골절', '2023. 5. 10'),
	('051002', 'd13579', 'p001', '여드름', '2023. 5. 10'),
	('051003', 'd13579', 'p021', '색소침착', '2023. 5. 10'),
	('051004', 'd67890', 'p022', '골절', '2023. 5. 10'),
	('051005', 'd13579', 'p023', '여드름', '2023. 5. 10'),
	('051006', 'd67890', 'p024', '타박상', '2023. 5. 10'),
	('051007', 'd13579', 'p025', '피부건조', '2023. 5. 10'),
	('051008', 'd13579', 'p026', '피부염증', '2023. 5. 10'),
	('051009', 'd67890', 'p002', '타박상', '2023. 5. 10'),
	('051010', 'd67890', 'p007', '타박상', '2023. 5. 10'),
	('051101', 'd12345', 'p011', '만성피로', '2023. 5. 11'),
	('051102', 'd24680', 'p027', '가려움증', '2023. 5. 11'),
	('051103', 'd12345', 'p028', '소화불량', '2023. 5. 11'),
	('051104', 'd24680', 'p029', '설사', '2023. 5. 11'),
	('051105', 'd12345', 'p030', '고열', '2023. 5. 11'),
	('051106', 'd24680', 'p031', '발열, 기침', '2023. 5. 11'),
	('051107', 'd12345', 'p032', '소화불량', '2023. 5. 11'),
	('051108', 'd24680', 'p033', '기침, 가래', '2023. 5. 11'),
	('051109', 'd12345', 'p034', '복통, 변비', '2023. 5. 11'),
	('051110', 'd24680', 'p035', '코막힘', '2023. 5. 11'),
	('051201', 'd67890', 'p036', '골절', '2023. 5. 12'),
	('051202', 'd67890', 'p037', '출혈', '2023. 5. 12'),
	('051203', 'd24680', 'p038', '복통', '2023. 5. 12'),
	('051204', 'd24680', 'p020', '코막힘', '2023. 5. 12'),
	('051205', 'd24680', 'p039', '가려움증', '2023. 5. 12'),
	('051206', 'd67890', 'p040', '골절', '2023. 5. 12'),
	('051207', 'd24680', 'p041', '설사', '2023. 5. 12'),
	('051208', 'd24680', 'p042', '기침, 가래', '2023. 5. 12'),
	('051209', 'd67890', 'p030', '타박상', '2023. 5. 12'),
	('051210', 'd67890', 'p043', '타박상', '2023. 5. 12'),
	('051501', 'd24680', 'p044', '발열, 기침', '2023. 5. 15'),
	('051502', 'd13579', 'p045', '피부염증', '2023. 5. 15'),
	('051503', 'd24680', 'p027', '코막힘', '2023. 5. 15'),
	('051504', 'd13579', 'p002', '여드름', '2023. 5. 15'),
	('051505', 'd24680', 'p011', '발열, 기침', '2023. 5. 15'),
	('051506', 'd13579', 'p046', '여드름', '2023. 5. 15'),
	('051507', 'd24680', 'p047', '복통', '2023. 5. 15'),
	('051508', 'd24680', 'p048', '설사', '2023. 5. 15'),
	('051509', 'd13579', 'p049', '여드름', '2023. 5. 15'),
	('051510', 'd13579', 'p050', '피부건조', '2023. 5. 15'),
	('051601', 'd67890', 'p051', '타박상', '2023. 5. 16'),
	('051602', 'd67890', 'p052', '타박상', '2023. 5. 16'),
	('051603', 'd13579', 'p053', '여드름', '2023. 5. 16'),
	('051604', 'd67890', 'p054', '골절', '2023. 5. 16'),
	('051605', 'd67890', 'p055', '출혈', '2023. 5. 16'),
	('051606', 'd13579', 'p056', '피부건조', '2023. 5. 16'),
	('051607', 'd67890', 'p057', '타박상', '2023. 5. 16'),
	('051608', 'd13579', 'p023', '색소침착', '2023. 5. 16'),
	('051609', 'd13579', 'p058', '여드름', '2023. 5. 16'),
	('051610', 'd13579', 'p059', '피부건조', '2023. 5. 16'),
	('051701', 'd12345', 'p060', '호흡곤란', '2023. 5. 17'),
	('051702', 'd24680', 'p061', '가려움증', '2023. 5. 17'),
	('051703', 'd12345', 'p001', '만성피로', '2023. 5. 17'),
	('051704', 'd24680', 'p062', '설사', '2023. 5. 17'),
	('051705', 'd24680', 'p063', '발열, 기침', '2023. 5. 17'),
	('051706', 'd12345', 'p064', '만성피로', '2023. 5. 17'),
	('051707', 'd24680', 'p065', '기침, 가래', '2023. 5. 17'),
	('051708', 'd12345', 'p035', '만성피로', '2023. 5. 17'),
	('051709', 'd12345', 'p066', '복통, 변비', '2023. 5. 17'),
	('051710', 'd24680', 'p067', '코막힘', '2023. 5. 17'),
	('051801', 'd67890', 'p068', '출혈', '2023. 5. 18'),
	('051802', 'd13579', 'p069', '여드름', '2023. 5. 18'),
	('051803', 'd13579', 'p009', '피부건조', '2023. 5. 18'),
	('051804', 'd67890', 'p070', '출혈', '2023. 5. 18'),
	('051805', 'd67890', 'p041', '타박상', '2023. 5. 18'),
	('051806', 'd13579', 'p071', '여드름', '2023. 5. 18'),
	('051807', 'd13579', 'p072', '여드름', '2023. 5. 18'),
	('051808', 'd67890', 'p073', '골절', '2023. 5. 18'),
	('051809', 'd13579', 'p013', '피부건조', '2023. 5. 18'),
	('051810', 'd67890', 'p074', '골절', '2023. 5. 18'),
	('051901', 'd12345', 'p075', '만성피로', '2023. 5. 19'),
	('051902', 'd12345', 'p076', '복통, 변비', '2023. 5. 19'),
	('051903', 'd12345', 'p046', '만성피로', '2023. 5. 19'),
	('051904', 'd67890', 'p052', '타박상', '2023. 5. 19'),
	('051905', 'd12345', 'p020', '만성피로', '2023. 5. 19'),
	('051906', 'd67890', 'p039', '타박상', '2023. 5. 19'),
	('051907', 'd67890', 'p077', '골절', '2023. 5. 19'),
	('051908', 'd12345', 'p078', '소화불량', '2023. 5. 19'),
	('051909', 'd67890', 'p079', '출혈', '2023. 5. 19'),
	('051910', 'd67890', 'p080', '타박상', '2023. 5. 19');

-- 차트 릴레이션 데이터
INSERT INTO CHART (CHARTID, DIAID, PATIENTID, DOCOPINION, DOCTORID, NURSEID) VALUES
	('070001', '050801', 'p001', '상기도감염', 'd12345', 'n001'),
	('070002', '050802', 'p002', '염증성 여드름', 'd13579', 'n007'),
	('070003', '050803', 'p003', '위염', 'd12345', 'n002'),
	('070004', '050804', 'p004', '염증성 여드름', 'd13579', 'n008'),
	('070005', '050805', 'p005', '과민성대장증후군', 'd12345', 'n001'),
	('070006', '050806', 'p006', '폐렴', 'd12345', 'n002'),
	('070007', '050807', 'p007', '건선', 'd13579', 'n007'),
	('070008', '050808', 'p008', '아토피 피부염', 'd13579', 'n008'),
	('070009', '050809', 'p009', '아토피 피부염', 'd13579', 'n007'),
	('070010', '050810', 'p010', '갑상선 기능저하증', 'd12345', 'n001'),
	('070011', '050901', 'p011', '급성 기관지염', 'd24680', 'n005'),
	('070012', '050902', 'p012', '상기도감염', 'd12345', 'n002'),
	('070013', '050903', 'p013', '천식', 'd24680', 'n006'),
	('070014', '050904', 'p014', '간 기능 이상', 'd12345', 'n001'),
	('070015', '050905', 'p015', '천식 발작', 'd12345', 'n002'),
	('070016', '050906', 'p016', '급성 비중격폐색증', 'd24680', 'n005'),
	('070017', '050907', 'p017', '급성 복부염', 'd24680', 'n006'),
	('070018', '050908', 'p018', '폐렴', 'd12345', 'n001'),
	('070019', '050909', 'p019', '위염', 'd12345', 'n002'),
	('070020', '050910', 'p020', '급성 기관지염', 'd24680', 'n005'),
	('070021', '051001', 'p021', '상지 골절', 'd67890', 'n003'),
	('070022', '051002', 'p001', '염증성 여드름', 'd13579', 'n008'),
	('070023', '051003', 'p021', '포스트인플라메이터리 하이퍼피강멘테이션', 'd13579', 'n007'),
	('070024', '051004', 'p022', '상지 골절', 'd67890', 'n004'),
	('070025', '051005', 'p023', '염증성 여드름', 'd13579', 'n008'),
	('070026', '051006', 'p024', '두부 타박상', 'd67890', 'n003'),
	('070027', '051007', 'p025', '아토피 피부염', 'd13579', 'n007'),
	('070028', '051008', 'p026', '접촉 피부염', 'd13579', 'n008'),
	('070029', '051009', 'p002', '두부 타박상', 'd67890', 'n004'),
	('070030', '051010', 'p007', '두부 타박상', 'd67890', 'n003'),
	('070031', '051101', 'p011', '갑상선 기능 저하증', 'd12345', 'n001'),
	('070032', '051102', 'p027', '아토피 피부염', 'd24680', 'n006'),
	('070033', '051103', 'p028', '위염', 'd12345', 'n002'),
	('070034', '051104', 'p029', '급성 위장염', 'd24680', 'n005'),
	('070035', '051105', 'p030', '열성경련', 'd12345', 'n001'),
	('070036', '051106', 'p031', '폐렴', 'd24680', 'n006'),
	('070037', '051107', 'p032', '위염', 'd12345', 'n002'),
	('070038', '051108', 'p033', '천식', 'd24680', 'n005'),
	('070039', '051109', 'p034', '과민성대장증후군', 'd12345', 'n001'),
	('070040', '051110', 'p035', '급성 비중격폐색증', 'd24680', 'n006'),
	('070041', '051201', 'p036', '상지 골절', 'd67890', 'n004'),
	('070042', '051202', 'p037', '내부 출혈', 'd67890', 'n003'),
	('070043', '051203', 'p038', '급성 복부염', 'd24680', 'n005'),
	('070044', '051204', 'p020', '급성 비중격폐색증', 'd24680', 'n006'),
	('070045', '051205', 'p039', '아토피 피부염', 'd24680', 'n005'),
	('070046', '051206', 'p040', '상지 골절', 'd67890', 'n004'),
	('070047', '051207', 'p041', '급성 위장염', 'd24680', 'n006'),
	('070048', '051208', 'p042', '천식', 'd24680', 'n005'),
	('070049', '051209', 'p030', '가슴 타박상', 'd67890', 'n003'),
	('070050', '051210', 'p043', '두부 타박상', 'd67890', 'n004'),
	('070051', '051501', 'p044', '급성 기관지염', 'd24680', 'n006'),
	('070052', '051502', 'p045', '접촉 피부염', 'd13579', 'n008'),
	('070053', '051503', 'p027', '알레르기 비염', 'd24680', 'n005'),
	('070054', '051504', 'p002', '염증성 여드름', 'd13579', 'n007'),
	('070055', '051505', 'p011', '급성 기관지염', 'd24680', 'n006'),
	('070056', '051506', 'p046', '염증성 여드름', 'd13579', 'n008'),
	('070057', '051507', 'p047', '급성 복부염', 'd24680', 'n005'),
	('070058', '051508', 'p048', '급성 위장염', 'd24680', 'n006'),
	('070059', '051509', 'p049', '염증성 여드름', 'd13579', 'n007'),
	('070060', '051510', 'p050', '건선', 'd13579', 'n008'),
	('070061', '051601', 'p051', '가슴 타박상', 'd67890', 'n003'),
	('070062', '051602', 'p052', '두부 타박상', 'd67890', 'n004'),
	('070063', '051603', 'p053', '염증성 여드름', 'd13579', 'n007'),
	('070064', '051604', 'p054', '상지 골절', 'd67890', 'n003'),
	('070065', '051605', 'p055', '내부 출혈', 'd67890', 'n004'),
	('070066', '051606', 'p056', '건선', 'd13579', 'n008'),
	('070067', '051607', 'p057', '두부 타박상', 'd67890', 'n003'),
	('070068', '051608', 'p023', '멜라스마', 'd13579', 'n007'),
	('070069', '051609', 'p058', '염증성 여드름', 'd13579', 'n008'),
	('070070', '051610', 'p059', '건선', 'd13579', 'n007'),
	('070071', '051701', 'p060', '천식 발작', 'd12345', 'n002'),
	('070072', '051702', 'p061', '습진', 'd24680', 'n005'),
	('070073', '051703', 'p001', '갑상선 기능저하증', 'd12345', 'n002'),
	('070074', '051704', 'p062', '급성 위장염', 'd24680', 'n006'),
	('070075', '051705', 'p063', '급성 기관지염', 'd24680', 'n005'),
	('070076', '051706', 'p064', '갑상선 기능저하증', 'd12345', 'n001'),
	('070077', '051707', 'p065', '천식', 'd24680', 'n006'),
	('070078', '051708', 'p035', '간 기능 이상', 'd12345', 'n002'),
	('070079', '051709', 'p066', '신장결석', 'd12345', 'n001'),
	('070080', '051710', 'p067', '알레르기 비염', 'd24680', 'n005'),
	('070081', '051801', 'p068', '내부 출혈', 'd67890', 'n004'),
	('070082', '051802', 'p069', '염증성 여드름', 'd13579', 'n008'),
	('070083', '051803', 'p009', '건선', 'd13579', 'n007'),
	('070084', '051804', 'p070', '외상성 출혈', 'd67890', 'n003'),
	('070085', '051805', 'p041', '두부 타박상', 'd67890', 'n004'),
	('070086', '051806', 'p071', '염증성 여드름', 'd13579', 'n008'),
	('070087', '051807', 'p072', '염증성 여드름', 'd13579', 'n007'),
	('070088', '051808', 'p073', '상지 골절', 'd67890', 'n003'),
	('070089', '051809', 'p013', '아토피 피부염', 'd13579', 'n008'),
	('070090', '051810', 'p074', '상지 골절', 'd67890', 'n004'),
	('070091', '051901', 'p075', '갑상선 기능저하증', 'd12345', 'n002'),
	('070092', '051902', 'p076', '과민성대장증후군', 'd12345', 'n001'),
	('070093', '051903', 'p046', '간 기능 이상', 'd12345', 'n002'),
	('070094', '051904', 'p052', '가슴 타박상', 'd67890', 'n003'),
	('070095', '051905', 'p020', '간 기능 이상', 'd12345', 'n001'),
	('070096', '051906', 'p039', '가슴 타박상', 'd67890', 'n004'),
	('070097', '051907', 'p077', '상지 골절', 'd67890', 'n003'),
	('070098', '051908', 'p078', '스트레스', 'd12345', 'n002'),
	('070099', '051909', 'p079', '외상성 출혈', 'd67890', 'n004'),
	('070100', '051910', 'p080', '두부 타박상', 'd67890', 'n003');